Joseph Zaniolini,jzaniolini0@simplemachines.org
Freida Drillingcourt,fdrillingcourt1@umich.edu
Nanni Herity,nherity2@statcounter.com
Orazio Frayling,ofrayling3@economist.com
Julianne Murrison,jmurrison4@cbslocal.com
Lucy Gamet,lgamet5@list-manage.com
Dyana Howatt,dhowatt6@amazon.com
Kassey Herion,kherion7@amazon.com
Chrissy Hedworth,chedworth8@china.com.cn
Hyatt Gasquoine,hgasquoine9@google.ru
Felicdad Tarr,ftarra@shareasale.com
Andrew Bath,abathb@umn.edu
Lucais Chastang,lchastangc@goo.gl
Car Cerie,cceried@yale.edu
Alvera Jepp,ajeppe@umich.edu
Prescott Caldeiro,pcaldeirof@chronoengine.com
Nariko Clunie,nclunieg@utexas.edu
Kalvin Rois,kroish@unicef.org
Isa Boycott,iboycotti@dailymail.co.uk
Benedetta Glanert,bglanertj@timesonline.co.uk
Poul Caroli,pcarolik@cam.ac.uk
Virgie Dran,vdranl@independent.co.uk
Gillie Roantree,groantreem@nba.com
Tabor Dawidowitsch,tdawidowitschn@free.fr
Sarina Choulerton,schoulertono@wisc.edu
Elbert Seawell,eseawellp@live.com
Danita Aldrin,daldrinq@wired.com
Jone Dank,jdankr@miibeian.gov.cn
Merralee Lampel,mlampels@a8.net
Charyl Halstead,chalsteadt@amazon.de
Giuseppe Karolowski,gkarolowskiu@narod.ru
Sutherlan Mundee,smundeev@nsw.gov.au
Alexander Oldershaw,aoldershaww@so-net.ne.jp
Blayne Mattusevich,bmattusevichx@foxnews.com
Alfredo Bohlens,abohlensy@nih.gov
Harman Braidwood,hbraidwoodz@amazon.com
Haslett Sudron,hsudron10@nps.gov
Jeanelle VanBrugh,jvanbrugh11@cocolog-nifty.com
Hetty Lightollers,hlightollers12@comsenz.com
Elmira Goodhand,egoodhand13@tripadvisor.com
Granger Lewerenz,glewerenz14@about.me
Tobie Lewson,tlewson15@marriott.com
Knox Sainteau,ksainteau16@ning.com
Eliot Vedekhov,evedekhov17@jiathis.com
Honey Crenshaw,hcrenshaw18@github.io
Karmen Soppitt,ksoppitt19@cdc.gov
Fairleigh Sivess,fsivess1a@free.fr
Angelina Stranio,astranio1b@latimes.com
Lilla Erni,lerni1c@dailymotion.com
Penn Batson,pbatson1d@vimeo.com
Salvidor Cawthry,scawthry1e@youtu.be
Ker Kellock,kkellock1f@japanpost.jp
Lorne Smouten,lsmouten1g@noaa.gov
Elijah Sore,esore1h@wikia.com
Paxton Chsteney,pchsteney1i@msn.com
Ernie Eddies,eeddies1j@disqus.com
Deb Endicott,dendicott1k@buzzfeed.com
Morna Masse,mmasse1l@vkontakte.ru
Gregorius Drains,gdrains1m@samsung.com
Raynard Teaz,rteaz1n@issuu.com
Harrietta Northey,hnorthey1o@hostgator.com
Cariotta Le Breton De La Vieuville,clebretondelavieuville1p@sfgate.com
Lisetta Allbones,lallbones1q@reddit.com
Danielle Jeduch,djeduch1r@ovh.net
Ingra Andriolli,iandriolli1s@ucoz.com
Ferdinand Cruickshanks,fcruickshanks1t@lulu.com
Salomi Pinnock,spinnock1u@hc360.com
Lurlene Snazel,lsnazel1v@smh.com.au
Penni Sells,psells1w@booking.com
Stormie Dougal,sdougal1x@cbc.ca
Baily Hallwell,bhallwell1y@usnews.com
Kristofor Recke,krecke1z@microsoft.com
Cherey Dorricott,cdorricott20@cbslocal.com
Phillip Bartolijn,pbartolijn21@biblegateway.com
Karil Hefford,khefford22@t.co
Loise Issacof,lissacof23@dagondesign.com
Rickie Laybourn,rlaybourn24@nasa.gov
Orella Giacomuzzo,ogiacomuzzo25@alibaba.com
Calli D'orsay,cdorsay26@home.pl
Harli Fakeley,hfakeley27@blogger.com
Edvard Morilla,emorilla28@ycombinator.com
Almira Eastmead,aeastmead29@soundcloud.com
Kort Blooman,kblooman2a@imgur.com
Sigmund Sessions,ssessions2b@bizjournals.com
Winna Dodshon,wdodshon2c@tinypic.com
Norton Raiston,nraiston2d@nydailynews.com
Moss Doche,mdoche2e@microsoft.com
Jeanna Mazey,jmazey2f@naver.com
Kerrin Rojahn,krojahn2g@delicious.com
Luca Frazier,lfrazier2h@i2i.jp
Faina Jarville,fjarville2i@si.edu
Skelly Cragg,scragg2j@naver.com
Mike Kennewell,mkennewell2k@virginia.edu
Trever Bradie,tbradie2l@merriam-webster.com
Ferdinande Drought,fdrought2m@goo.gl
Brenda Guiel,bguiel2n@time.com
Matthiew Vanyukov,mvanyukov2o@discovery.com
Rosalie Stribbling,rstribbling2p@wiley.com
Flor Giuron,fgiuron2q@storify.com
